{"cameraMode":{"drawMode":0,"name":"Shaded","section":"Shading Mode"},"sceneLighting":true,"audioPlay":false,"sceneViewState":{"m_AlwaysRefresh":false,"showFog":true,"showSkybox":true,"showFlares":true,"showImageEffects":true,"showParticleSystems":true,"showVisualEffectGraphs":true,"m_FxEnabled":true},"in2DMode":false,"pivot":{"x":20.954164505004884,"y":-0.3716559410095215,"z":13.511817932128907},"rotation":{"x":0.04521637782454491,"y":0.23161999881267548,"z":-0.010778052732348442,"w":0.9716958999633789},"size":17.24471092224121,"orthographic":false}